y,x,z,class_label,w
28.65,15.55,78.94292999,0,56.36116574
27.55,14.9,86.31247744,0,92.97125299
28.35,14.45,63.48995153,1,45.36031987
28.8,14.15,94.93311017,1,9.127248146
28.05,13.75,6.771600886,0,70.00289236
28.45,13.35,77.75811125,0,62.6679405
29.15,13,90.08965835,0,46.8733561
27.5,13.45,51.00305117,0,91.88873999
26.5,13.6,99.34242124,0,51.19112339
27.35,12.8,40.68804032,1,8.805069149
27.85,12.4,89.7280124,1,11.17418539
28.4,12.3,9.677998108,0,98.08212649
28.65,12.2,66.24969664,0,61.51864525
25.1,13.4,63.57309408,0,89.66532659
25.95,12.95,21.83554941,1,28.81892661
26.5,12.9,55.64012247,0,56.06243158
27,11.85,57.93938252,1,39.4059175
28,11.35,16.0371567,0,84.51160782
28.7,11.15,25.63635276,1,19.58285512
27.4,11.25,52.35768972,0,82.27141762
27.7,10.75,5.163992656,1,22.42047745
28.35,10.5,86.50273183,0,80.03416034
28.45,9.65,97.54566461,1,6.334830979
27.25,10.25,24.15588198,0,53.8868439
26.55,10.75,61.48317182,0,57.93512204
26.35,11.7,67.92408034,0,68.67608002
25.9,11.6,26.53979748,0,51.10599144
25.05,11.9,21.23387383,0,72.86374097
24.05,12.6,91.05494665,1,28.68704844
24.5,11.9,13.04023693,1,33.88330931
25.2,11.1,60.67248754,1,26.87652123
25.15,10.55,75.87898404,0,81.82062341
25.95,10.05,38.53650222,1,1.951349148
26.6,9.35,90.4057434,1,42.17087089
27.25,9.3,94.73344961,0,76.57204595
27.8,9.2,17.52089912,1,9.403018374
28.25,7.5,58.35695097,0,67.70912718
27.45,8.55,93.05330171,0,55.96098203
27.05,8.5,78.55139794,1,12.59662363
27.2,8.05,27.66168557,1,27.85339973
26.8,7.85,8.468767373,1,17.44874932
27.4,7.3,32.65947651,1,18.03593346
26.85,6.8,12.79846398,1,50.98252613
26.5,7,52.95891344,1,23.0459887
26.3,7.55,86.86048899,0,86.58048884
26.3,8.55,93.44595882,0,75.1828811
25.85,9,83.54438363,1,45.53894433
25.65,8.6,41.68510914,1,40.81826226
25.55,9.4,87.41318151,1,12.50983454
25.05,8.45,43.3208218,1,8.81475463
24.6,8.85,65.25310242,1,8.544447589
24.7,9.65,47.86547171,0,61.66191188
24.35,10.55,16.88265527,1,29.97859368
23.9,11.05,11.39024349,0,87.78851563
23.55,10.55,42.1691396,1,12.0378707
23.35,9.45,36.05348659,0,76.22002301
23.9,9.2,46.80418613,1,5.41083892
23.9,8.35,69.86453975,1,12.07857764
24.75,7.35,23.59999339,0,68.04502114
25.45,7.4,32.50241513,0,84.8064918
25.75,6.6,33.63660983,1,46.5354003
26,6.1,33.34133781,0,88.48427721
26.95,5.8,1.285937785,1,24.70347772
25.8,5.65,71.55349967,0,73.24657888
26.1,5.3,65.83281579,1,45.73671306
25.4,6.4,72.25559645,0,78.56449515
25.25,5.4,59.35147824,0,86.40523417
24.7,5.35,68.68477263,1,11.14173292
25.05,4.8,59.38471896,0,78.85580835
25.55,4.2,32.44798354,0,86.5805124
24.8,6.4,88.53071715,1,9.703580731
24.3,6.55,4.473980081,0,87.07442237
24.25,7.4,6.343102842,0,74.98075535
24.2,5.45,81.98290581,1,39.58763785
24,4.3,1.0351866,1,28.56775685
24.25,4,69.41975712,0,94.86781832
23.3,3.35,28.89095861,1,22.85621705
23.05,4.85,1.001806612,1,25.3978572
22.75,4.3,73.58033588,1,44.20729388
23.4,5.85,99.4101989,1,44.3349271
23.55,5.9,58.32049601,0,66.60707171
23.7,7.55,77.97599841,0,95.52689872
23.25,6.85,52.54775432,0,74.87738285
23.1,7.65,66.50559182,0,57.76759589
22.55,6.95,84.488374,0,54.1876535
22.6,6.1,61.18314667,0,84.35266372
22.6,5.5,53.38651618,0,97.78479965
22.1,4.7,25.87539936,0,80.62535212
21.85,3.8,69.81221648,0,90.65605735
21.2,4.65,49.45691881,1,5.749117015
20.35,4.15,2.619025593,0,86.29343325
20.4,5.3,33.97319642,0,60.17517099
20.75,5.6,9.485009254,0,62.68008294
21.95,5.8,57.80970945,0,48.94218499
21.95,6.4,88.68231331,1,10.94159765
21.15,6.55,40.83581086,1,46.04234794
21.95,7.45,63.97459896,1,27.21738436
21.55,7.4,85.85503871,0,83.29939516
21.2,7.75,19.25331758,0,90.70893209
20.65,7.65,87.11712524,0,99.31455273
19.8,6.95,73.97960475,0,76.03851168
20.1,6.6,23.43251526,0,72.01917371
20.2,6.05,71.64830517,1,31.55026857
19.65,5.4,57.99215415,1,30.07785047
19.05,5.35,23.1621426,0,87.82091465
18.25,5.8,76.05526799,1,31.48737335
19.1,6.3,34.95856545,0,96.73601467
18.9,7,78.43257361,1,42.96118928
17.9,7.15,17.90489376,0,67.71940497
18.2,7.35,9.223064848,1,21.25889447
20.05,8.2,16.93305106,0,55.18022873
19.45,8.3,79.09159007,0,81.39665058
18.5,8.3,87.33004329,0,67.70762699
18.8,8.75,81.85897263,1,20.75219212
18.2,9.05,75.19546674,1,22.24198962
17.7,9.35,69.91042314,0,85.13191502
17.65,8.9,5.703346727,1,49.54207526
17.2,8.45,48.39332709,1,48.96196205
17.2,10.05,76.49108229,1,38.86155911
16.75,10.4,99.09311372,0,52.67173661
20.9,8.6,75.18342647,1,12.24683698
21.3,8.65,54.14918586,0,81.2178802
21.9,8.65,1.792995339,0,94.81998152
22.5,8.65,90.816148,1,10.62935084
22.8,8.95,29.51705321,1,19.50261239
22.65,9.95,72.92303972,0,66.73239917
22.2,8.95,68.45499463,1,9.98715956
21.9,9.65,53.72082624,0,63.21599083
22.3,10.55,23.68247165,0,62.83567807
22.85,10.9,85.71044546,1,37.568019
23.45,11.35,17.97080224,0,82.69181413
23.4,12.05,38.92148958,1,19.67552234
22.75,12.3,76.60595792,1,40.87302468
22.15,11.7,19.57780618,0,86.56897602
22.05,11.15,64.18046568,0,76.00014305
21.5,10.85,63.23108858,0,98.91149686
21.05,10.85,57.19764516,1,21.68919353
21.3,9.6,79.83468524,1,23.86855935
20.7,9.85,49.9550253,0,85.81100743
20.6,9.35,33.53327004,0,51.90987366
19.65,9.25,97.46551756,1,0.630121807
19.8,9.95,29.99005737,0,89.13484616
20.35,10.7,75.64700007,1,20.87723148
20.7,11.3,11.14803335,1,41.01486482
21.6,12.35,3.136141736,1,1.50603183
21.3,13.1,66.582753,0,50.3550332
20.75,12.85,56.22086199,0,53.18365368
20,12,68.92193006,0,67.08594806
19.85,11,88.54438401,1,25.4217712
19,10.35,60.12202303,1,18.38599063
18.65,9.9,76.36034852,0,81.52976595
18.15,10.6,83.04809785,0,47.86638089
18.3,11.4,17.47979781,0,63.57400166
19.25,11.4,88.5434738,1,28.08612717
18.8,12.35,60.56507507,1,2.324080504
19.75,12.8,24.10639504,1,21.74909593
18.1,12.15,11.31224287,0,87.49979913
17.5,11.05,72.39256822,0,68.65430223
17.25,11.95,35.04516346,0,70.62055408
17.5,12.25,55.68670896,0,56.95847521
17.4,13.05,26.15963337,0,58.68872863
18.15,13.75,63.53794379,0,88.99199992
18.65,13.5,49.6347975,1,31.43780796
19.25,13.65,88.42895635,1,17.78169997
19.9,14,70.62147933,1,41.10595111
18.2,15.2,22.31431583,1,10.79645066
17.15,15.5,44.32303891,1,43.30006728
17.1,13.9,21.31371475,1,27.93202853
16.6,13.75,91.38983416,0,54.52618947
16.4,12.15,59.66135965,0,70.63056561
13.7,7.8,40.87200677,0,61.94751254
13.35,8.85,27.60476066,1,13.11982589
12.7,9,81.84695722,1,2.649384942
12.1,9.7,76.17957009,1,30.62607405
12.9,8.05,24.97113485,0,62.42277239
13.25,7.7,44.41825794,0,85.80712866
13.2,6.8,5.580976385,0,96.94644426
13.45,6.6,94.18923939,0,85.76156857
12.55,6.2,23.67067281,0,86.89084657
12.85,5.4,40.41659542,1,37.40073281
12.25,5.7,27.00317458,0,68.38253345
11.9,5.2,89.19976551,1,27.74897139
11.35,5.15,2.339341533,1,18.24271862
11.2,5.85,18.74194705,0,78.9982281
11.75,6.1,94.03598681,0,85.75597972
12.35,7,10.17507641,1,16.08906001
12.45,7.05,21.37882044,1,43.280584
12.5,7.9,68.3681352,1,38.03087126
12.1,8.55,9.264037269,0,85.74885247
11.85,7.85,39.59475226,1,19.32598246
11.95,7.1,92.53317636,1,5.85013311
11.5,6.9,19.93266315,0,71.97125036
10.9,6.85,90.65561832,0,49.76566302
10.7,6.4,54.13600513,1,9.461286568
10.3,5.9,76.19188384,0,80.92806018
10.25,6.4,58.04446085,1,10.28795651
10.05,7.05,32.80735485,1,41.66168427
10.5,7.35,41.07725922,0,98.37963737
11.1,7.65,27.88406139,0,59.98214164
11.2,8.1,15.14007415,0,55.04399037
11.4,8.8,8.446721054,1,32.31663394
10.55,8.3,58.29052748,1,29.58744422
10.9,9,41.46139987,0,70.15256194
10.5,9.35,84.61022675,1,17.66430159
11,10.15,6.635194611,1,50.00750056
10.55,10.4,70.3490206,0,73.80525747
10,10.9,13.94810515,0,80.45190234
10.2,11.55,17.0515975,1,26.99152826
10.85,11.75,67.07981063,0,55.9377383
8.65,10.1,49.12186938,0,69.15688632
9.1,11.05,35.27496239,0,54.11904173
9.8,11.85,39.67989771,0,87.74690266
10.65,12.85,42.3918224,0,62.5981541
11.7,12.9,55.18168239,0,71.37005596
11.1,13.6,45.86820449,1,46.3611282
11.75,14.05,39.20315006,0,66.01738227
11.8,14.5,14.0305526,0,60.29167679
12.45,14.3,11.0478054,1,20.05303862
12.9,17,6.478372486,1,41.39094116
12.6,15.8,28.74283674,1,32.54749684
12,15.85,96.06292565,0,89.99555017
12.2,16.7,66.64344933,0,85.39353463
11.7,16.25,25.63463286,1,32.74814418
11.15,15.55,58.69030445,0,70.92743866
11.35,14.8,54.62282757,0,64.47909327
10.75,14.45,21.35107151,1,27.92910131
10.45,13.75,25.21555727,0,96.76259037
10.1,12.8,18.72556552,0,66.15762908
9.8,13.15,41.31634903,1,18.08884374
9.3,12.45,47.17519876,1,5.217134938
8.95,11.8,86.64035997,1,37.78931727
8.45,11.1,73.53566788,1,4.190566528
7.7,10.35,52.12264178,1,20.03000956
6.75,10.1,91.44107155,0,47.43919122
7.95,11.3,81.36600394,1,14.1117148
8.45,12.35,34.29718879,0,90.41995802
8.95,13.1,61.08419854,0,66.7941831
9.35,13.2,7.292000022,1,3.481396822
10.05,14.1,16.91437418,1,27.02673081
7.5,11.5,96.37474193,0,77.15537471
6.9,11.35,68.32022947,0,55.26924125
6.75,11.95,23.70648618,1,30.6632948
7.1,12.4,94.23289166,0,68.09444805
7.6,12.25,76.20638011,0,59.87911054
7.6,12.95,53.11637979,0,84.80643334
7.95,13.45,96.74074841,1,22.20618201
8.25,13.35,81.42954846,1,11.76180341
9,13.75,24.60590653,0,88.53274665
9.3,14.3,42.89276317,0,66.22912525
9.55,14.85,89.74128956,0,82.4449143
10.25,15.1,41.87691303,1,47.58023532
10.55,15.45,59.97263238,0,61.28108788
10.85,16.35,48.05708564,0,53.58990027
11.5,16.75,4.654936644,1,17.99789014
10.2,16.25,64.70091376,1,7.750911166
10.1,15.4,62.92732479,1,22.63106865
9.7,15.45,95.33818829,0,81.12707098
9.3,15.15,69.98985656,1,26.010287
8.65,15.25,70.60545501,0,50.81157338
8.2,15.55,38.4026051,0,57.68553274
8.7,14.25,98.02243813,0,96.08730082
8.25,14.25,39.59311205,1,33.57109452
7.8,15.05,32.53602781,0,93.22148326
7.5,14.3,56.52840967,1,25.70685342
7.45,13.55,17.42527155,1,13.1357343
6.95,14.3,52.69806887,0,83.90938993
6.7,13.95,34.70636762,0,67.6770921
6.95,13.05,62.18116964,0,61.14363997
6.2,13.05,91.04274709,0,52.57531065
6.3,11.55,50.24387053,1,39.43274904
5.85,10.8,74.44946668,0,54.88113036
5.05,10.6,58.0202936,1,1.404688437
5.55,11.35,60.23616045,1,39.52573645
5.4,12.15,45.45297194,0,97.92058654
5.8,12.4,29.99889748,1,7.569048992
5.7,12.8,31.37250366,1,49.11092177
5.9,13.65,59.68700599,1,1.929586101
5.3,13.9,65.27718424,0,52.917749
5.1,13.1,22.95242457,1,44.94130221
4.9,12.55,0.227588061,0,63.12958722
4.75,11.5,56.3763286,0,94.30717443
4.05,11.35,36.68302495,1,24.55497079
4.35,12.4,27.78729051,1,13.60739727
3.45,11.75,62.51932008,0,82.02258288
3.7,12.65,63.13814904,1,4.52104678
4.35,13.4,26.68269819,1,44.18920877
4.95,13.9,11.71157783,1,24.44020743
3,12.75,59.79038428,1,18.55739644
3.15,13.55,96.3318256,0,95.14611238
3.65,13.7,51.1867138,1,40.66740365
4.1,14.1,40.22818307,1,23.38412243
5.05,14.65,8.446613965,1,35.03062277
5.75,14.35,84.68177279,0,91.72081456
6.55,14.5,89.49543951,0,77.84576063
7.1,15.15,0.015810235,0,88.9253799
2.55,13.6,72.09096864,1,18.13438391
2.4,14.45,6.917576794,0,63.44105066
3.05,14.6,55.94752527,0,77.50887896
3.4,15,1.924741477,0,98.83572595
3.5,15.25,15.77763214,1,12.09086457
4.1,14.7,89.64694519,0,70.5411512
4.5,14.7,40.85408243,1,45.26345038
2.7,15.25,80.09940236,0,93.75101826
2.05,15.65,16.45492598,0,59.30979699
2.8,15.95,27.59890369,0,59.95814904
3.55,16.1,4.067797453,1,31.23672583
4,15.9,7.947702935,0,98.46270287
4.75,15.6,15.75787775,0,87.26309731
5.05,15.55,71.86738078,1,36.62298918
5.5,15.35,2.971378798,1,25.06464509
5.95,15.15,6.216871262,0,59.6177073
6.75,15.5,0.79582681,1,31.55776402
6.35,15.7,57.99697183,0,60.53062169
5.9,16.2,60.563296,0,95.68275437
5.35,16.35,13.5618897,0,77.11665951
4.55,16.2,36.11066637,0,61.78080908
4.2,16.55,75.310879,1,20.60580616
4.75,16.95,46.44305882,1,42.68253326
5.1,17.05,44.95073735,0,83.70228197
4.8,17.3,25.73550029,0,64.45146555
4.15,17.3,60.20948365,0,55.14385514
4.3,17.6,70.58504211,0,61.33860992
3.7,17.05,19.04170522,1,36.65700793
3.05,17.25,71.73296008,0,97.8423754
2.8,16.65,45.4916272,1,32.482357
2.15,16.55,59.52334172,1,23.7160605
2.05,17.2,23.34628716,1,11.65152344
1.95,18.15,12.72646633,1,30.99088757
2.45,18.05,60.28412941,1,31.83307586
3.05,18.15,16.70036776,0,81.96716125
3.45,18.6,25.23024412,0,59.57648963
3.6,18.4,48.03446609,0,67.23562018
3.2,18.85,66.76374788,1,15.12087889
2.65,19.1,20.64555522,1,31.81824934
2.65,19.45,61.32500861,1,7.838564469
2.1,19,35.30707926,0,86.76280789
2.05,19.9,95.73159152,1,36.30681516
2.8,20.45,11.96488087,1,26.9166115
3.25,19.8,75.51840579,0,63.3596142
3.9,19.45,62.13271221,0,68.01353541
4.2,18.65,67.73667294,1,37.26140953
4.6,18.4,70.94548788,1,5.789919058
4.75,18.65,84.74152966,1,13.65409628
5.15,18.75,33.28027557,1,15.72795663
4.55,19.1,78.0808933,0,71.27958687
5.4,17.9,87.79619438,0,69.01092369
5.7,17.65,31.15990612,1,29.76402572
6.05,17.05,26.85678613,0,89.23629064
6.5,17.4,21.69754964,0,52.00994052
6.85,16.6,31.13652166,0,96.94637054
7.15,15.7,8.386275107,1,17.14353603
7.75,15.75,20.71844446,0,52.68530238
7.95,16.6,15.79186149,1,23.41553728
3.4,20.4,32.33174565,0,74.16459046
3.45,20.7,1.226146201,1,5.048646147
2.85,21.15,53.33388724,0,76.00358086
2.65,21.75,34.51089206,0,99.49497672
3.25,22,64.21004563,1,18.51767344
3.5,22.2,5.651097135,1,33.49112479
3.75,21.45,49.8306992,1,16.07069501
4.05,21.1,5.649364143,1,41.03298978
4.3,20.15,52.04955126,0,94.59602058
4.7,20.8,41.27905995,1,43.01738615
5.15,20.7,85.9385783,1,27.82088595
5.05,19.75,65.07756494,1,39.40690847
5.5,19.85,67.7177676,1,5.56159699
5.65,20.4,82.4148835,0,68.58577471
5.75,20.55,63.40885959,0,66.80920614
5.75,18.7,92.73523342,1,24.11902755
5.95,19.25,72.35156735,1,7.848188439
6,18.4,59.70750006,0,84.50377434
6.6,18.45,88.22011244,0,67.44136216
7.05,17.65,52.43469647,1,37.22784348
7.4,16.7,19.60057861,0,81.57642077
7.3,18.65,0.609266897,1,39.29151336
7.35,18.05,51.89888918,1,22.14427673
7.75,17.85,47.8529419,0,94.43643079
8.25,17.5,34.81066282,1,44.19114446
8.6,17.15,55.44434891,1,42.47444494
9,17.05,14.54516326,1,47.8151658
8.7,16.4,65.0902276,1,10.31597406
8.95,16.05,50.36373132,1,20.38943775
9.6,16.05,20.94156035,1,17.33734265
9.75,16.5,93.91248885,0,65.54039328
9.6,17.25,63.52467103,1,39.62347231
9.9,17.6,10.89014615,1,27.44188844
9.3,17.8,23.06202313,1,21.77331446
8.55,18,62.04434049,1,5.354889876
8.1,18.8,16.35892453,1,42.92009648
8.35,18.8,52.40771489,0,75.25842581
7.6,19.4,45.76232741,1,19.08205091
6.6,19.25,48.0461573,1,34.68110334
6.95,20.05,45.27058841,0,51.3754384
7.5,19.8,64.28268164,0,72.37187517
6.35,20.05,32.89949565,0,53.08520024
5.7,21.15,55.45830342,0,79.90031311
4.85,21.65,96.9585635,1,7.645781297
4.35,22.15,51.10983139,1,39.55814396
3.35,23.05,35.88220875,1,50.04642338
3.8,23.05,84.93814598,1,35.23275886
4.4,23.15,8.141105786,1,21.62948821
4.75,22.5,0.153661546,0,94.91308852
5.2,22.15,16.4642723,1,44.07901727
4.55,24.15,31.15421114,0,68.51046999
5.05,23.5,68.22375102,1,38.80874704
5.3,23.1,4.576013161,1,10.31026194
5.75,23,26.77443349,0,94.64804583
5.75,22.2,39.78893509,0,66.20241587
6.2,21.85,68.24713645,1,35.38905586
6.55,20.75,9.644198329,0,71.77095895
7.15,21,24.95470867,0,86.83673335
7.65,20.75,3.859166133,1,19.05983465
8.2,20,12.3918909,1,34.92742594
8.65,19.5,97.70003337,0,66.96981015
9.05,18.85,62.9143216,0,91.86931497
9.55,18.75,17.99794366,0,92.71750398
10,18.6,88.43135078,0,51.48971707
10.35,16.95,86.23962179,1,32.8220719
10.85,17.35,8.353005419,1,12.72356269
10.65,18,60.80080378,1,33.11290254
10.55,18.5,32.26144711,0,56.24653302
11.1,18.1,5.707458267,1,0.404684296
11.3,17.55,83.90803994,0,90.25134404
11.9,17.95,72.00246819,1,31.27705929
12,18.3,14.59052801,1,39.41651119
12.5,18,8.916507148,1,37.43565159
11.65,19,11.96872502,0,73.72746382
11.05,19.5,22.26156817,0,89.46368378
10.55,19.45,31.8849891,1,5.937909269
9.65,19.4,31.58102105,1,40.29011939
9.4,20.1,63.20645065,1,15.52804299
9.95,20.05,70.80797521,0,60.7292564
10.2,20.05,44.87340233,0,89.60145895
12.2,19.35,98.17549324,0,83.71300808
12.25,19.2,83.75473288,0,84.3764873
11.6,20.05,47.79405072,1,19.57295443
11.15,20.6,27.79911744,0,84.11792573
10.65,20.7,83.98983793,1,10.43055024
11.65,21.3,54.29532845,0,59.89872548
11.15,21.8,38.68536306,0,53.05510066
10.7,21.85,62.59350507,0,95.11607368
10.05,21.65,65.31032866,0,88.79861537
10.2,20.95,58.87625396,0,84.6066389
9.7,20.9,59.24588081,0,70.11353128
9.45,21.65,41.93744697,0,72.44846134
9.25,21.2,96.43810772,0,72.77845234
8.75,20.75,84.90393879,0,79.48783541
8.75,20.55,89.52062147,1,42.51161409
8,21.1,4.001612428,0,62.87597092
8.65,21.65,52.96856844,1,19.42427301
8.2,21.75,62.81122514,0,86.78451003
7.55,21.95,19.02646551,1,50.41666017
6.75,22,15.9922379,0,90.1475493
6.45,22.8,77.83385128,0,89.43411525
6.65,22.65,82.26507976,1,10.09436893
7.05,22.75,43.04500754,1,43.92324264
7.35,23,14.25278,0,65.24651159
7.9,22.55,65.2733436,0,91.43649128
8.7,22.2,42.58546182,0,53.59346134
8.45,22.9,33.48629633,0,97.21895013
9.2,22.35,65.96494339,0,71.21396198
9.35,22.75,86.34666956,0,79.48034866
10.05,22.4,35.43817096,0,54.71530841
10.9,23.05,97.92341662,0,52.52493121
9.85,23.3,72.74846688,0,55.34790789
9.8,23.95,86.21133167,0,93.3569494
9.1,23.65,77.73104428,0,61.15564749
8.85,23.7,79.15204066,1,40.30868812
8.25,24.25,38.28396628,1,23.98229947
7.95,24.85,76.30597708,0,71.56290237
7.85,23.5,52.46783261,0,71.80502691
7.35,23.85,28.94643221,1,36.63263522
6.9,23.95,7.798658617,0,86.55766285
6.5,23.65,84.97867102,0,55.68220534
5.7,23.6,76.31215644,1,23.35542929
5.65,24.3,30.25253967,1,49.65946669
6.4,24.8,96.65530788,0,87.32560246
3.5,34.05,80.75239374,1,12.75555603
3.85,33.05,40.27970248,1,39.33028741
3.8,32,88.20847847,1,44.90804438
4.4,31.9,36.60581512,1,23.16045103
4.75,31.05,80.05031171,1,6.034252554
5.65,30.4,45.93168747,1,10.61933789
6.1,30.75,91.38876331,0,49.74284884
6.7,30,25.57733514,0,68.3143928
7.4,30.1,84.61889577,0,48.73171232
8.15,29.5,12.15254485,0,97.87704529
8,30.75,73.71578889,1,8.793569487
7.35,30.85,15.24250025,0,59.46447282
6.75,31.5,26.79430213,0,75.3555763
5.95,31.75,80.50079655,0,63.59993528
6.45,32.35,5.960174918,1,2.861639767
6,32.8,28.15850165,0,91.35059375
5.1,32.05,71.9765144,0,50.05324775
4.8,32.8,65.80987707,0,88.91852595
4.4,32.65,60.10837265,1,6.188164582
4.6,33.65,40.93826285,1,37.40897217
5.15,33.05,43.15751406,1,16.73420607
5.45,33.6,95.12547739,1,34.63319926
5.05,34.5,92.02468062,1,27.14897948
4.65,34.9,73.90850496,0,75.14226675
4.1,35.45,78.10141629,1,14.96234026
4.05,34.6,21.0582678,1,11.16436427
4.2,34.2,98.93941804,0,92.65905479
5.2,36.3,61.30372469,0,74.90252428
5.35,35.55,98.08105415,1,33.258794
6.05,35.95,74.21888493,0,66.48258842
5.85,34.8,97.51903069,1,24.54274289
6.15,33.7,66.83026939,0,80.8183508
6.6,33.95,5.098752117,1,14.11932123
7.05,33.7,25.36824549,0,61.65721416
7.1,32.75,3.197678738,1,10.26054913
7.65,32.3,31.60266874,1,25.68987308
7.9,33,72.89456179,1,36.56702851
8.15,31.95,95.05266508,0,98.12284902
8.65,31.15,64.86164502,1,37.23562337
8.85,30.35,29.55769765,1,31.24461721
9,29.85,74.0374738,0,66.82313622
9.15,30.7,92.26326162,0,66.24128853
9.9,29.7,17.40099193,1,2.482346892
9.95,30.45,71.26578376,0,94.69129142
9.85,30.95,40.26472099,1,7.539410256
9.45,31.8,0.890147716,0,69.36683932
8.8,32.45,77.22743065,1,25.48299542
8.6,33.55,73.87148243,0,88.69487995
7.7,34.35,42.59513234,1,3.397948385
8,34.7,99.67336529,1,9.225693557
7.25,34.6,14.0372017,1,2.682038789
6.8,35,22.45610883,0,84.48829089
7.35,35.5,54.29994457,0,82.35244641
7.5,36.1,33.98537175,0,73.87429662
7,36.55,39.73711266,1,8.930434129
8.2,36,35.79276921,1,41.24202951
8.05,35.35,18.49872009,0,74.12028627
8.65,36.55,2.290513848,0,56.0042754
9.1,36.4,23.69139526,1,16.3600763
9.1,35.5,24.77402114,1,7.114861338
8.85,34.55,9.267005546,0,95.24531534
9.4,35.25,80.36053392,1,30.67441239
9.5,34.4,17.92524781,0,76.83207907
9.3,33.5,79.08731467,0,56.23189219
9.8,33.85,57.00317,1,16.70147076
9.65,32.5,31.70672107,0,94.27159356
10.25,32.3,7.231782009,1,1.746959688
10.3,33.3,83.5286025,1,16.09818443
10.5,31.6,5.336020784,1,10.16549696
10.5,30.6,4.97243001,1,11.66040416
11.1,30.4,37.23342982,0,70.22423155
11.45,30.9,14.14247557,0,73.23008959
11.65,30.7,46.16275801,1,47.01278812
12.05,30.4,84.27325159,1,22.26203376
12,31.2,34.27541767,0,73.40173009
11.35,31.95,29.83726076,1,27.58499433
11.05,31.65,97.798711,1,43.24388697
11.15,32.95,72.44773255,0,70.17363625
11.7,32.65,5.762848695,0,75.67245401
12.25,32.25,37.21797479,0,93.99769183
12.25,32.05,24.35516107,1,26.32298556
12.7,31.3,61.97785732,0,75.4259593
12.95,31.95,44.16560937,1,31.91800886
13.1,32.75,66.20235182,1,22.24931992
13.2,33.15,12.45726151,0,65.96536513
12.75,33.1,5.874075235,0,89.65934528
12.1,33.15,79.44298715,0,89.33515161
11.75,34.3,66.87893736,1,7.07982205
10.85,34,6.136868666,1,38.93238107
11,34.65,72.09818147,1,9.237316148
10.1,34.8,13.42062486,0,75.24815603
9.85,35.65,93.81212156,1,22.33448988
10,36.35,50.74633599,1,17.41684928
10.75,35.55,37.9692804,0,82.26465393
11.55,35.8,2.058047077,0,75.30406501
11.75,35.2,73.68607928,0,49.77839803
11.75,34.7,64.85061954,1,14.83200734
12.75,34.95,24.03725677,1,38.84149348
12.55,34.05,59.45327964,0,55.44854206
13.05,34.05,55.54844532,0,56.8004887
13.7,33.25,59.78107329,0,55.19376972
14.15,33.2,60.26945538,0,59.59101798
14.7,33.25,13.04553858,0,99.17628734
15.15,33,44.67804236,0,89.29982727
15.65,32.95,99.47258591,0,60.69716278
16.15,32.6,27.26969613,1,3.936744479
16.75,32.45,35.91251322,1,31.86668417
17.05,32.65,32.32555859,0,58.64251838
17.3,32.75,57.69808647,1,12.52890677
17.2,31.75,18.6379471,0,92.88819984
17.65,31.7,29.21711894,0,84.98577524
17.5,31,1.89635024,1,4.10825158
17.9,31.15,54.65352406,1,5.264879218
18.05,30.45,72.49432126,1,28.96409734
18.8,30.05,31.05412615,1,48.81499742
18.8,30.55,62.24607316,0,71.62633297
19.3,30.5,94.19304037,1,45.45711645
19.4,30.25,0.485452003,1,42.20101481
19.85,29.6,82.11323949,0,83.30630225
20.55,29.15,60.91943744,1,46.77140796
20.45,30.25,44.83391282,0,61.97454596
20.05,30.7,60.52101657,0,69.37085902
19.9,31,37.72844412,1,23.39648616
19.65,31.55,95.3885518,0,92.55385547
18.55,31.5,74.3604105,1,37.4183478
18.6,32.05,98.46751987,0,85.37029204
19.1,31.95,23.43196126,0,55.61305199
18.35,32.6,22.13641685,1,3.258858244
17.95,32.85,57.83466166,1,32.81021762
17.45,33.45,31.95054713,1,42.00418062
17,33.7,19.8556024,1,22.19046396
17.35,34.25,90.32470445,0,56.80976255
18.05,34.3,81.81950451,1,37.26928041
18.4,33.85,32.71234474,0,86.26860398
18.85,33.05,50.09510456,1,19.57144491
18.95,33.25,9.148354389,1,4.767660671
19.15,32.8,88.6975615,0,70.48887499
19.85,32.3,61.68678978,1,24.46454335
20,32.8,92.81796891,0,65.36178281
20.25,31.75,51.23714442,1,14.35944715
20.75,31.75,32.52634586,0,98.44046846
21.15,32.1,0.820461296,1,1.239674936
21.6,31.55,7.967674812,0,97.17655268
21.3,30.65,95.61546503,1,28.65764233
21.6,29.95,17.39725553,1,31.68118027
21.6,29.5,39.2099589,0,71.79234675
22.05,30.35,44.79253155,0,90.34760178
22,31.05,73.91680749,0,81.97248023
22.2,31.55,28.9800606,1,2.902009606
22.65,30.95,52.31673823,0,78.23307547
23.1,30.3,87.1443369,0,72.85547159
23.15,29.6,92.18488646,0,83.75063852
22.55,29.35,66.39952633,1,44.25282555
23.85,29.2,48.68874566,0,64.4160083
24,30.75,64.26647249,1,39.71438169
24.15,30.95,16.73218446,0,83.58783565
23.7,31.45,79.15783904,0,97.11194194
23.15,31.95,8.394682201,1,32.91285833
22.05,32.55,69.50710548,1,7.637434311
22.55,32.6,72.47813348,1,4.417780888
22.25,33.25,20.97698651,1,0.07859744
21.9,33.65,12.44929934,1,23.88324813
21.3,33.5,97.53311841,0,73.97071114
20.75,33.1,19.87271672,1,6.465905821
20.4,33.8,51.89973391,0,98.85118202
20,33.85,51.73199436,1,16.31565622
19.3,34.15,43.36175882,1,35.20529519
18.85,34.85,44.05852969,0,68.00494505
18.55,35.3,83.49965202,1,1.345714585
19.35,35.4,82.62899856,0,48.00108437
19.75,34.55,87.05202315,0,54.08634095
20,35.05,68.52424012,1,36.17027019
19.85,35.95,41.02224428,0,81.74676961
20.6,36.35,26.68762352,0,91.1231645
20.55,35.5,52.25658922,0,81.71522069
20.65,34.45,15.53361339,0,95.31391812
21.25,34.4,72.76029362,0,50.93648232
21.05,35,38.25565853,1,23.27193603
21.3,35.75,74.02882412,0,84.65113587
21.5,35.05,21.82700249,1,10.03789253
22.05,34.6,2.235414768,1,0.45599721
21.75,34.2,10.27498099,0,90.27796793
21.95,36.25,9.175239612,1,27.93633643
22.3,35.7,86.27472401,0,80.59478636
22.9,35.5,64.97680581,0,66.15274012
23.25,35.85,81.58522661,0,60.77399697
23.8,36.3,53.55784336,1,8.668459593
24.1,35.45,81.43325853,1,14.36970461
23.5,34.9,6.549620995,0,71.43734292
22.9,34.2,94.04088771,1,30.22910775
23.3,33.85,16.14581356,1,9.335100601
23.35,33.25,72.64028773,0,58.02583713
23.7,32.45,84.28112403,0,64.01103657
23.9,33.6,3.041052467,1,19.97076253
23.95,34.25,72.75729602,1,26.78965634
24.1,34.25,0.28458369,0,61.72132203
24.7,35.4,98.94247506,0,84.77722662
25.3,35.15,63.12442621,0,88.8218245
24.9,34.4,26.25622512,1,20.9485388
24.85,33.7,96.54480379,1,38.91049902
24.45,32.25,87.57746519,1,34.23567556
24.7,32.5,48.80788387,0,88.11005747
24.45,31.45,53.91097586,1,38.44653319
25.2,31.55,71.61270148,0,90.23832167
25,31.05,73.76046913,1,44.85028767
24.3,30.25,1.612501042,0,98.61151779
24.8,29.8,34.34292206,1,45.30852224
25.5,29.6,56.67947294,1,46.06219899
26.05,29.7,6.226263202,0,84.34102858
25.5,30.5,15.52246154,0,79.9717472
26,30.65,42.05286813,1,0.283406273
26.05,31.25,91.30201184,0,63.10961871
26.95,31.45,40.91993688,1,25.87104936
26.9,30.75,36.0714763,0,56.49007671
27.15,30.65,24.29826509,1,44.26397049
27.85,31.25,36.40541854,0,63.81202975
27.75,31.85,60.56420374,0,91.54241115
28.2,32.7,20.77812331,0,73.09177886
27.55,33.25,21.086659,0,56.07529877
27.1,32.4,86.63546432,1,15.55554474
26.65,32.15,12.01690873,1,45.88941303
25.95,32.35,50.10257818,1,10.38147046
25.5,32.95,23.8932789,0,66.89938451
26.05,33.85,24.86834156,1,32.2255415
26.5,33.05,99.77452461,1,21.48291621
27,33.65,81.78698055,1,28.61875975
27.35,34.1,49.30141411,1,48.43181895
27.95,34.2,41.03797722,1,28.96052516
26.85,34.65,32.26456846,1,46.27869151
26,35.25,7.901990664,0,98.32907236
26.15,35.7,24.50348631,0,64.5958399
25.6,34.4,8.747786368,1,1.864305676
20.8,21.3,78.46836352,1,25.88424308
20.9,20.15,40.0667363,1,28.61557743
21.35,19.2,64.69233459,0,81.4277559
21.85,19.1,84.98213199,0,48.54338442
22.8,18.45,67.54357245,0,91.89807715
22.95,18.75,3.580784086,0,69.13098303
23,19.4,92.67528825,0,63.74860442
22.25,19.55,15.93578926,0,60.82806839
21.85,19.8,50.93200353,1,27.0851077
21.85,20.5,9.702510925,1,24.28622941
21.45,21.45,63.71288493,0,96.98704721
21.9,21.7,94.90480239,1,37.00826056
22.3,21.4,36.71228583,1,34.4998103
22.6,21,2.05937215,1,1.483709719
22.95,21.15,31.6773436,0,97.88755548
22.85,20.5,94.06284808,0,99.48071103
23.65,19.75,9.489581222,1,34.82612079
23.7,19.2,48.14210039,1,10.96898151
24.35,18.45,97.7991283,0,63.77555017
23.85,20.65,96.99437989,0,54.18425115
24.3,20.65,44.33264913,1,16.46021522
24.6,19.7,59.65050633,1,21.32182025
25.05,20.15,9.97105651,0,68.76610636
25.1,22.15,24.43201091,0,85.53647297
24.65,21.6,60.79539829,0,58.94734067
23.8,21.7,87.20671436,0,53.3326507
23.65,21.9,86.51105301,0,75.63716831
23.5,22.55,92.33436219,1,31.79611114
24.3,22.55,64.43507737,0,81.06985694
24.45,23.3,3.752836855,1,28.61241657
24.35,24.25,18.65974433,0,68.01992585
25.25,23.8,39.1370653,1,23.73964861
23.8,23.4,25.87006663,0,80.94039077
23.2,22.9,41.43591125,1,0.251812911
22.8,22.3,5.364034155,1,41.54034126
22.4,22.2,92.10903626,0,68.50097572
21.7,23.1,9.140704153,0,57.00519169
21.9,22.85,84.43678998,0,85.72465557
21.1,22.65,59.75450532,1,6.480662635
22.6,23.15,77.9613134,0,91.80483365
21.9,24.1,70.82556874,0,63.58850145
22.2,24.7,23.21444084,1,7.207028087
22.6,24.3,97.57706878,0,74.67614211
23.3,24.15,58.6462186,1,35.81688438
23.45,23.9,92.8882977,1,17.11175566
2.15,5.2,5.651429757,0,89.75732502
1.95,6.35,61.71032026,1,6.808969467
2.3,6.75,38.73206741,1,14.64448001
2.4,5.9,81.48161642,1,20.9011279
2.7,5.4,97.20086657,0,57.21180775
2.9,4.85,84.49511549,1,33.21860287
3.35,4.85,56.22304319,1,1.254186914
3.45,5.15,82.56761254,0,58.78702427
3.45,5.7,65.97741845,1,44.61920149
3,6.2,20.72277342,0,95.34110004
3.2,6.2,46.6233527,0,78.01731719
2.15,7.65,16.59116612,1,8.639557915
2.75,7.2,71.05304131,1,31.1892411
3.2,6.75,88.88977034,1,1.270712449
3.55,6.75,27.66202535,0,86.92482386
3.8,6.65,75.23652007,1,4.081537218
4,5.8,81.90057714,0,61.11313585
4.05,4.95,48.78125825,0,80.37187761
4.35,5.1,4.061978486,1,13.64367422
4.45,5.7,1.832716412,1,28.72409601
4.85,5.45,59.89227344,1,23.8772159
4.8,6.7,89.7357275,1,8.526539694
5.05,6.55,38.53818034,0,81.57939775
4.9,7.2,31.83004057,1,42.1852843
4.25,6.2,89.24669372,0,63.01003022
4.3,7.1,71.29114078,1,36.29628313
4.5,7.85,97.92132391,1,15.70770829
4.15,7.6,9.652403198,0,58.93434171
3.55,7.25,94.48373416,1,21.37347526
3.35,7.8,30.70789394,0,67.84611524
2.75,8.05,18.3909985,1,2.59535002
3.25,8.5,13.18995215,0,87.07439042
3.55,8.1,24.4662386,1,46.78276727
4,8.15,0.498276817,1,1.782894778
